{
    "materials": [{
        "DbgIndex": 0,
        "colorDiffuse": [0.008017379164954708,0.008017379164954708,0.008017379164954708],
        "DbgColor": 15658734,
        "specularCoef": 5,
        "transparent": false,
        "opacity": 0.0,
        "colorSpecular": [0.32729873061180115,0.3496200740337372,0.5],
        "depthWrite": true,
        "depthTest": true,
        "visible": true,
        "blending": "NormalBlending",
        "wireframe": false,
        "colorAmbient": [0.008017379164954708,0.008017379164954708,0.008017379164954708],
        "shading": "phong",
        "DbgName": "BlackPlastic",
        "colorEmissive": [0.0,0.0,0.0]
    },{
        "DbgIndex": 1,
        "colorDiffuse": [0.640000066757203,0.042742625515798105,0.008690601716795587],
        "DbgColor": 15597568,
        "specularCoef": 10,
        "transparent": false,
        "opacity": 0.0,
        "colorSpecular": [1.0,1.0,1.0],
        "depthWrite": true,
        "depthTest": true,
        "visible": true,
        "blending": "NormalBlending",
        "wireframe": false,
        "colorAmbient": [0.640000066757203,0.042742625515798105,0.008690601716795587],
        "shading": "phong",
        "DbgName": "Red",
        "colorEmissive": [0.0,0.0,0.0]
    },{
        "DbgIndex": 2,
        "colorDiffuse": [0.026482049025327692,0.026482049025327692,0.026482049025327692],
        "DbgColor": 60928,
        "specularCoef": 5,
        "transparent": false,
        "opacity": 0.0,
        "colorSpecular": [0.39610987631838057,0.4637183761504815,0.6506392628140816],
        "depthWrite": true,
        "depthTest": true,
        "visible": true,
        "blending": "NormalBlending",
        "wireframe": false,
        "colorAmbient": [0.026482049025327692,0.026482049025327692,0.026482049025327692],
        "shading": "phong",
        "DbgName": "BlackMetal",
        "colorEmissive": [0.0,0.0,0.0]
    }],
    "metadata": {
        "version": 3,
        "materials": 3,
        "vertices": 177,
        "faces": 186,
        "generator": "io_three",
        "type": "Geometry"
    },
    "name": "CubeGeometry.3",
    "faces": [3,30,11,2,18,2,3,27,22,6,15,2,3,17,21,5,1,2,3,11,15,6,2,2,3,19,23,7,3,2,3,13,9,3,7,2,3,4,0,8,12,2,3,12,8,9,13,2,3,1,5,14,10,2,3,10,14,15,11,2,3,21,25,14,5,2,3,25,27,15,14,2,3,17,1,10,28,2,3,28,10,11,30,2,3,8,29,31,9,2,3,29,28,30,31,2,3,0,16,29,8,2,3,16,17,28,29,2,3,12,13,26,24,2,3,24,26,27,25,2,3,4,12,24,20,2,3,20,24,25,21,2,3,2,6,22,18,2,3,18,22,23,19,2,3,0,4,20,16,2,3,16,20,21,17,2,3,13,7,23,26,2,3,26,23,22,27,2,3,9,31,19,3,2,3,31,30,18,19,2,3,47,45,69,70,0,3,34,35,37,36,0,3,61,59,76,77,0,3,36,37,39,38,0,3,39,37,32,66,0,3,38,39,41,40,0,3,35,65,79,33,0,3,40,41,43,42,0,3,53,51,72,73,0,3,42,43,45,44,0,3,45,43,68,69,0,3,44,45,47,46,0,3,59,57,75,76,0,3,46,47,49,48,0,3,51,49,71,72,0,3,48,49,51,50,0,3,65,63,78,79,0,3,50,51,53,52,0,3,43,41,67,68,0,3,52,53,55,54,0,3,57,55,74,75,0,3,54,55,57,56,0,3,49,47,70,71,0,3,56,57,59,58,0,3,63,61,77,78,0,3,58,59,61,60,0,3,41,39,66,67,0,3,60,61,63,62,0,3,37,35,33,32,0,3,64,65,35,34,0,3,62,63,65,64,0,3,55,53,73,74,0,2,34,62,64,0,2,58,60,62,0,2,54,56,58,0,2,50,52,54,0,2,46,48,50,0,2,42,44,46,0,2,38,40,42,0,2,34,36,38,0,2,34,58,62,0,2,50,54,58,0,2,42,46,50,0,2,34,38,42,0,2,34,50,58,0,2,34,42,50,0,3,68,67,83,84,0,3,33,79,95,81,0,3,75,74,90,91,0,3,71,70,86,87,0,3,78,77,93,94,0,3,67,66,82,83,0,3,74,73,89,90,0,3,70,69,85,86,0,3,79,78,94,95,0,3,77,76,92,93,0,3,66,32,80,82,0,3,73,72,88,89,0,3,69,68,84,85,0,3,76,75,91,92,0,3,32,33,81,80,0,3,72,71,87,88,0,3,111,109,133,134,1,3,98,99,101,100,1,3,125,123,140,141,1,3,100,101,103,102,1,3,103,101,96,130,1,3,102,103,105,104,1,3,99,129,143,97,1,3,104,105,107,106,1,3,117,115,136,137,1,3,106,107,109,108,1,3,109,107,132,133,1,3,108,109,111,110,1,3,123,121,139,140,1,3,110,111,113,112,1,3,115,113,135,136,1,3,112,113,115,114,1,3,129,127,142,143,1,3,114,115,117,116,1,3,107,105,131,132,1,3,116,117,119,118,1,3,121,119,138,139,1,3,118,119,121,120,1,3,113,111,134,135,1,3,120,121,123,122,1,3,127,125,141,142,1,3,122,123,125,124,1,3,105,103,130,131,1,3,124,125,127,126,1,3,101,99,97,96,1,3,128,129,99,98,1,3,126,127,129,128,1,3,119,117,137,138,1,2,98,126,128,1,2,122,124,126,1,2,118,120,122,1,2,114,116,118,1,2,110,112,114,1,2,106,108,110,1,2,102,104,106,1,2,98,100,102,1,2,98,122,126,1,2,114,118,122,1,2,106,110,114,1,2,98,102,106,1,2,98,114,122,1,2,98,106,114,1,3,132,131,147,148,1,3,97,143,159,145,1,3,139,138,154,155,1,3,135,134,150,151,1,3,142,141,157,158,1,3,131,130,146,147,1,3,138,137,153,154,1,3,134,133,149,150,1,3,143,142,158,159,1,3,141,140,156,157,1,3,130,96,144,146,1,3,137,136,152,153,1,3,133,132,148,149,1,3,140,139,155,156,1,3,96,97,145,144,1,3,136,135,151,152,1,3,145,159,175,161,1,3,149,148,164,165,1,3,151,150,166,167,1,3,153,152,168,169,1,3,155,154,170,171,1,3,157,156,172,173,1,3,146,144,160,162,1,3,159,158,174,175,1,3,148,147,163,164,1,3,150,149,165,166,1,3,152,151,167,168,1,3,154,153,169,170,1,3,156,155,171,172,1,3,144,145,161,160,1,3,158,157,173,174,1,3,147,146,162,163,1,2,175,174,176,1,2,164,163,176,1,2,166,165,176,1,2,168,167,176,1,2,170,169,176,1,2,172,171,176,1,2,160,161,176,1,2,174,173,176,1,2,163,162,176,1,2,161,175,176,1,2,165,164,176,1,2,167,166,176,1,2,169,168,176,1,2,171,170,176,1,2,173,172,176,1,2,162,160,176,1],