{
    "faces": [43,0,3,2,1,2,0,1,2,3,0,1,2,3,43,4,5,6,7,1,4,5,6,7,4,5,6,7,43,0,1,5,4,0,8,9,10,11,0,3,5,4,43,1,2,6,5,0,12,13,14,8,3,2,6,5,43,2,3,7,6,0,15,16,17,18,2,1,7,6,43,3,0,4,7,0,19,20,11,10,1,0,4,7],
    "metadata": {
        "vertices": 8,
        "type": "Geometry",
        "normals": 8,
        "generator": "io_three",
        "materials": 3,
        "version": 3,
        "faces": 6,
        "uvs": 1
    },
    "normals": [-0.5773491859436035,0.5773491859436035,0.5773491859436035,0.5773491859436035,0.5773491859436035,0.5773491859436035,0.5773491859436035,0.5773491859436035,-0.5773491859436035,-0.5773491859436035,0.5773491859436035,-0.5773491859436035,-0.5773491859436035,-0.5773491859436035,0.5773491859436035,-0.5773491859436035,-0.5773491859436035,-0.5773491859436035,0.5773491859436035,-0.5773491859436035,-0.5773491859436035,0.5773491859436035,-0.5773491859436035,0.5773491859436035],
    "vertices": [5.0,-2.500000238418579,-5.0,5.0,-2.499999761581421,5.0,-5.000000476837158,-2.499999761581421,4.999999046325684,-4.999998092651367,-2.500000238418579,-5.000001907348633,5.000002384185791,2.499999761581421,-4.999997615814209,4.999997138977051,2.500000238418579,5.000002861022949,-5.000001907348633,2.500000238418579,4.999998092651367,-4.999999523162842,2.499999761581421,-5.0],
    "name": "CubeGeometry.1",
    "uvs": [[0.49999991059303284,0.0,0.5000000596046448,0.4999998211860657,9.53674117454284e-08,0.4999999701976776,0.0,4.76837058727142e-08,0.0,0.5,0.4999999403953552,0.5,0.4999999701976776,0.9999998807907104,1.6689297410721338e-07,1.0,0.5000000596046448,0.5000001192092896,0.5000000596046448,1.4305112472356996e-07,0.7500000596046448,0.0,0.7500000596046448,0.5,0.75,0.5,0.75,0.9999998807907104,0.5000000596046448,0.9999999403953552,1.0,0.5000001192092896,1.0,1.0,0.7500000596046448,0.9999998807907104,0.7500001192092896,0.5000001192092896,1.0,7.152556236178498e-08,1.0,0.4999999403953552]],
    "materials": [{
        "mapDiffuseAnisotropy": 1.0,
        "blending": "NormalBlending",
        "shading": "lambert",
        "depthTest": true,
        "colorDiffuse": [1.0,1.0,1.0],
        "DbgColor": 15658734,
        "DbgName": "Walls",
        "visible": true,
        "transparent": false,
        "colorAmbient": [1.0,1.0,1.0],
        "DbgIndex": 0,
        "mapDiffuseWrap": ["RepeatWrapping","RepeatWrapping"],
        "opacity": 0.0,
        "depthWrite": true,
        "wireframe": false,
        "colorEmissive": [0.0,0.0,0.0],
        "mapDiffuseRepeat": [4,4],
        "mapDiffuse": "PlasterBare0129_1_S.jpg"
    },{
        "specularCoef": 50,
        "blending": "NormalBlending",
        "shading": "phong",
        "mapDiffuseAnisotropy": 1.0,
        "depthTest": true,
        "colorDiffuse": [0.6400000190734865,0.6400000190734865,0.6400000190734865],
        "DbgColor": 15597568,
        "DbgName": "Ceiling.001",
        "visible": true,
        "transparent": false,
        "colorAmbient": [0.6400000190734865,0.6400000190734865,0.6400000190734865],
        "DbgIndex": 1,
        "colorSpecular": [0.5,0.5,0.5],
        "mapDiffuseWrap": ["RepeatWrapping","RepeatWrapping"],
        "opacity": 0.0,
        "depthWrite": true,
        "wireframe": false,
        "colorEmissive": [0.0,0.0,0.0],
        "mapDiffuseRepeat": [3,3],
        "mapDiffuse": "MetalPlatesRusted0052_1_S.jpg"
    },{
        "specularCoef": 50,
        "blending": "NormalBlending",
        "shading": "phong",
        "mapDiffuseAnisotropy": 1.0,
        "depthTest": true,
        "colorDiffuse": [0.6400000190734865,0.6400000190734865,0.6400000190734865],
        "DbgColor": 60928,
        "DbgName": "Floor",
        "visible": true,
        "transparent": false,
        "colorAmbient": [0.6400000190734865,0.6400000190734865,0.6400000190734865],
        "DbgIndex": 2,
        "colorSpecular": [0.1,0.1,0.1],
        "mapDiffuseWrap": ["RepeatWrapping","RepeatWrapping"],
        "opacity": 0.0,
        "depthWrite": true,
        "wireframe": false,
        "colorEmissive": [0.0,0.0,0.0],
        "mapDiffuseRepeat": [4,4],
        "mapDiffuse": "ConcreteFloors0064_1_S.jpg"
    }]
}